{
    "age": 50,
    "cam_id": 428,
    "device_id": 70,
    "direction": 0,
    "end_interval": 1800,
    "hallway_width_cm": 15.0,
    "hallway_width_pixel": 29.94586944580078,
    "limit_max_weight": 0.0,
    "limit_min_weight": 0.0,
    "linegap": 0.02,
    "linegap_position": 0.5,
    "reference_weight": 40.0,
    "ship_direction": "r",
    "vpi_k1": -0.0002300000487593934,
    "vpi_k2": 0.0,
    "weight_bias": 0.0,
    "x_focus": 343,
    "x_pad": 0.0,
    "x_rotate": 0.0,
    "x_scale": 1.0,
    "y_focus": 221,
    "y_pad": 0.0,
    "y_rotate": 0.00009999999747378752,
    "y_scale": 1.0,
    "zx_perspect": 0.0017999995034188032,
    "zy_perspect": 0.0005999999702908099
}